id,cost,latitude,longitude,name,description,photo_url,r1/name,r1/latitude,r1/longitude,r1/price_range,r1/user_rating,r1/photos_url,r1/cuisines,r1/has_online_delivery,r2/name,r2/latitude,r2/longitude,r2/price_range,r2/user_rating,r2/photos_url,r2/cuisines,r2/has_online_delivery,r3/name,r3/latitude,r3/longitude,r3/price_range,r3/user_rating,r3/photos_url,r3/cuisines,r3/has_online_delivery,r4/name,r4/latitude,r4/longitude,r4/price_range,r4/user_rating,r4/photos_url,r4/cuisines,r4/has_online_delivery
1,1931,47.6805,-122.12094,Redmond,,,Zo√´yogurt,47.6815902,-122.1231041,1,3.2,https://www.zomato.com/redmond-wa/zo√´yogurt-1-redmond/photos?utm_source=api_basic_user&utm_medium=api&utm_campaign=v2.1#tabtop,Frozen Yogurt,0,MOD Pizza,47.6815902,-122.1231041,2,3.4,https://www.zomato.com/redmond-wa/mod-pizza-redmond/photos?utm_source=api_basic_user&utm_medium=api&utm_campaign=v2.1#tabtop,Pizza,0,Tom-bo Teriyaki,47.68005,-122.1239306,1,3.6,https://www.zomato.com/redmond-wa/tom-bo-teriyaki-redmond/photos?utm_source=api_basic_user&utm_medium=api&utm_campaign=v2.1#tabtop,"Fast Food, Teriyaki, Japanese, Asian",0,JJ Mahoney's Irish Pub,47.6818896,-122.123376,2,3.9,https://www.zomato.com/redmond-wa/jj-mahoneys-irish-pub-redmond/photos?utm_source=api_basic_user&utm_medium=api&utm_campaign=v2.1#tabtop,"Bar Food, Irish",0
2,1557,47.84472,-122.19849,Bothell,,,Mi Rancho Taqueria,47.83551111,-122.2099694,2,0,https://www.zomato.com/mill-creek-wa/mi-rancho-taqueria-mill-creek/photos?utm_source=api_basic_user&utm_medium=api&utm_campaign=v2.1#tabtop,Mexican,0,Silver Dollar Restaurant & Lounge,47.8353407,-122.2098084,3,0,https://www.zomato.com/mill-creek-wa/silver-dollar-mill-creek/photos?utm_source=api_basic_user&utm_medium=api&utm_campaign=v2.1#tabtop,Pub Food,0,Larry's Smokehouse,47.83775833,-122.2132111,2,3.5,https://www.zomato.com/mill-creek-wa/larrys-smokehouse-mill-creek/photos?utm_source=api_basic_user&utm_medium=api&utm_campaign=v2.1#tabtop,"BBQ, Seafood",0,Oceano Sushi Asian Fusion,47.83523056,-122.2103111,2,0,https://www.zomato.com/mill-creek-wa/oceano-sushi-asian-fusion-mill-creek/photos?utm_source=api_basic_user&utm_medium=api&utm_campaign=v2.1#tabtop,"Sushi, Japanese",0
3,1700,47.67029,-122.34831,Seattle,,,Tangerine Thai,47.6722666,-122.3541549,1,3.8,https://www.zomato.com/seattle/tangerine-thai-greenwood-phinney/photos?utm_source=api_basic_user&utm_medium=api&utm_campaign=v2.1#tabtop,Thai,0,Phinney Market,47.6723527,-122.3541343,2,3.6,https://www.zomato.com/seattle/phinney-market-greenwood-phinney/photos?utm_source=api_basic_user&utm_medium=api&utm_campaign=v2.1#tabtop,Bar Food,0,Zeeks Pizza,47.67257,-122.35429,2,3.6,https://www.zomato.com/seattle/zeeks-pizza-greenwood-phinney/photos?utm_source=api_basic_user&utm_medium=api&utm_campaign=v2.1#tabtop,Pizza,0,Chef Liao,47.6729301,-122.3540749,2,4.2,https://www.zomato.com/seattle/chef-liao-greenwood-phinney/photos?utm_source=api_basic_user&utm_medium=api&utm_campaign=v2.1#tabtop,"Chinese, Thai, Asian",0
4,1747,47.68361,-122.27802,Seattle,,,Thai of Wedgwood,47.68375,-122.2906417,1,3.6,https://www.zomato.com/seattle/thai-of-wedgwood-wedgwood/photos?utm_source=api_basic_user&utm_medium=api&utm_campaign=v2.1#tabtop,Thai,0,Veraci Pizza,47.681796,-122.290367,1,0,https://www.zomato.com/seattle/veraci-pizza-wedgwood/photos?utm_source=api_basic_user&utm_medium=api&utm_campaign=v2.1#tabtop,Pizza,0,Subway,47.6828015,-122.2909441,1,3.1,https://www.zomato.com/seattle/subway-1-ravenna/photos?utm_source=api_basic_user&utm_medium=api&utm_campaign=v2.1#tabtop,"Fast Food, Sandwich",0,Starbucks,47.6814011,-122.2907528,1,3.1,https://www.zomato.com/seattle/starbucks-ravenna/photos?utm_source=api_basic_user&utm_medium=api&utm_campaign=v2.1#tabtop,Cafe,0
5,1425,47.73957,-122.34495,Shoreline,,,Broiler Bay,47.73993333,-122.344825,1,3.4,https://www.zomato.com/shoreline-wa/broiler-bay-shoreline/photos?utm_source=api_basic_user&utm_medium=api&utm_campaign=v2.1#tabtop,"American, Burger",0,Le's Pho Tai & Sandwiches,47.7392,-122.34514,2,3.3,https://www.zomato.com/shoreline-wa/les-pho-tai-sandwiches-shoreline/photos?utm_source=api_basic_user&utm_medium=api&utm_campaign=v2.1#tabtop,"Teriyaki, Vietnamese, Asian",0,Taqueria El Sabor,47.73981111,-122.3455722,2,3.5,https://www.zomato.com/shoreline-wa/taqueria-el-sabor-shoreline/photos?utm_source=api_basic_user&utm_medium=api&utm_campaign=v2.1#tabtop,Mexican,0,Pho Ha,47.73919167,-122.3454806,1,3.2,https://www.zomato.com/shoreline-wa/pho-ha-shoreline/photos?utm_source=api_basic_user&utm_medium=api&utm_campaign=v2.1#tabtop,Vietnamese,0
6,2040,47.6087583,-122.2964235,Seattle,,,Assimba,47.60811667,-122.2966528,1,3.7,https://www.zomato.com/seattle/assimba-central-district/photos?utm_source=api_basic_user&utm_medium=api&utm_campaign=v2.1#tabtop,"Ethiopian, Vegetarian",0,Lotus Thai Cuisine,47.60807778,-122.296525,2,3.6,https://www.zomato.com/seattle/lotus-thai-cuisine-central-district/photos?utm_source=api_basic_user&utm_medium=api&utm_campaign=v2.1#tabtop,Thai,0,Agelgil Ethiopian Restaurant,47.6081759,-122.295864,2,0,https://www.zomato.com/seattle/agelgil-ethiopian-restaurant-madrona-leschi/photos?utm_source=api_basic_user&utm_medium=api&utm_campaign=v2.1#tabtop,"Ethiopian, African",0,Ras-Dashen,47.60794722,-122.2958528,2,3.6,https://www.zomato.com/seattle/ras-dashen-central-district/photos?utm_source=api_basic_user&utm_medium=api&utm_campaign=v2.1#tabtop,"Ethiopian, Vegetarian, African",0
7,1238,47.8962246,-122.1853637,Seattle Hill-Silver Firs,,,China Dumpling & Noodle House,47.89401667,-122.2016611,1,0,https://www.zomato.com/everett-wa/china-dumpling-noodle-house-everett/photos?utm_source=api_basic_user&utm_medium=api&utm_campaign=v2.1#tabtop,"Chinese, Asian",0,Amante Pizza & Pasta,47.89403611,-122.2017833,2,3.3,https://www.zomato.com/everett-wa/amante-pizza-pasta-1-everett/photos?utm_source=api_basic_user&utm_medium=api&utm_campaign=v2.1#tabtop,"Pizza, Italian",0,Sushi Ring,47.89395556,-122.2021167,2,3.9,https://www.zomato.com/everett-wa/sushi-ring-everett/photos?utm_source=api_basic_user&utm_medium=api&utm_campaign=v2.1#tabtop,"Sushi, Japanese",0,L'Artisan French Bakery Cafe,47.89385278,-122.2022778,1,3.7,https://www.zomato.com/everett-wa/lartisan-french-bakery-cafe-everett/photos?utm_source=api_basic_user&utm_medium=api&utm_campaign=v2.1#tabtop,"Coffee and Tea, French, Bakery",0
8,1507,47.7148126,-122.2031264,Kirkland,,,Gourmet Latte,47.7197629,-122.2077249,1,0,https://www.zomato.com/kirkland-wa/gourmet-latte-kirkland/photos?utm_source=api_basic_user&utm_medium=api&utm_campaign=v2.1#tabtop,Coffee and Tea,0,Starbucks,47.7200696,-122.2083112,1,0,https://www.zomato.com/kirkland-wa/starbucks-7-kirkland/photos?utm_source=api_basic_user&utm_medium=api&utm_campaign=v2.1#tabtop,Cafe,0,Domino's Pizza,47.72087626,-122.2084084,2,0,https://www.zomato.com/kirkland-wa/dominos-pizza-2-kirkland/photos?utm_source=api_basic_user&utm_medium=api&utm_campaign=v2.1#tabtop,"Pizza, Fast Food",0,Subway,47.721173,-122.2083871,1,3.2,https://www.zomato.com/kirkland-wa/subway-2-kirkland/photos?utm_source=api_basic_user&utm_medium=api&utm_campaign=v2.1#tabtop,"Fast Food, Sandwich",0
9,995,48.7562157,-122.4894588,Bellingham,,,Primer Coffee,48.757603,-122.490613,1,0,https://www.zomato.com/bellingham-wa/primer-coffee-bellingham/photos?utm_source=api_basic_user&utm_medium=api&utm_campaign=v2.1#tabtop,"Cafe, Coffee and Tea",0,Wanida Thai Cuisine,48.75892924,-122.4872289,1,2.9,https://www.zomato.com/bellingham-wa/wanida-thai-cuisine-bellingham/photos?utm_source=api_basic_user&utm_medium=api&utm_campaign=v2.1#tabtop,Thai,0,Lettered Streets Coffee House,48.75725,-122.484691,1,3.9,https://www.zomato.com/bellingham-wa/lettered-streets-coffee-house-bellingham/photos?utm_source=api_basic_user&utm_medium=api&utm_campaign=v2.1#tabtop,Coffee and Tea,0,StrEAT Food,48.7595529,-122.4882249,1,4.5,https://www.zomato.com/bellingham-wa/streat-food-bellingham/photos?utm_source=api_basic_user&utm_medium=api&utm_campaign=v2.1#tabtop,"American, International, Vegetarian",0
10,2500,47.6288591,-122.3456919,Seattle,,,Laredos Grill,47.62713889,-122.3461,2,3.6,https://www.zomato.com/seattle/laredos-grill-queen-anne-lower/photos?utm_source=api_basic_user&utm_medium=api&utm_campaign=v2.1#tabtop,Mexican,0,Crow,47.62704722,-122.3477167,2,4.2,https://www.zomato.com/seattle/crow-queen-anne-lower/photos?utm_source=api_basic_user&utm_medium=api&utm_campaign=v2.1#tabtop,"Italian, International",0,Koibito Sushi & Teriyaki,47.6298388,-122.3425818,2,2.9,https://www.zomato.com/seattle/koibito-sushi-teriyaki-westlake/photos?utm_source=api_basic_user&utm_medium=api&utm_campaign=v2.1#tabtop,"Sushi, Teriyaki, Japanese",0,The Nabob,47.62690278,-122.3476111,2,3.5,https://www.zomato.com/seattle/the-nabob-queen-anne-lower/photos?utm_source=api_basic_user&utm_medium=api&utm_campaign=v2.1#tabtop,Bar Food,0
11,1095,45.6405414,-122.6204002,Vancouver,,,Dairy Queen,45.64002666,-122.6201148,2,2.8,https://www.zomato.com/vancouver-wa/dairy-queen-10-vancouver/photos?utm_source=api_basic_user&utm_medium=api&utm_campaign=v2.1#tabtop,"Fast Food, Ice Cream",0,Burger King,45.640762,-122.619225,1,0,https://www.zomato.com/vancouver-wa/burger-king-2-vancouver/photos?utm_source=api_basic_user&utm_medium=api&utm_campaign=v2.1#tabtop,,0,Subway,45.64146,-122.61942,2,0,https://www.zomato.com/vancouver-wa/subway-75-vancouver/photos?utm_source=api_basic_user&utm_medium=api&utm_campaign=v2.1#tabtop,Fast Food,0,Thai Wok Kitchen,45.641496,-122.619053,2,3,https://www.zomato.com/vancouver-wa/thai-wok-kitchen-vancouver/photos?utm_source=api_basic_user&utm_medium=api&utm_campaign=v2.1#tabtop,Thai,0
12,1450,47.7170204,-122.3009337,Seattle,,,Taco Time,47.71454722,-122.2983167,1,0,https://www.zomato.com/seattle/taco-time-11-seattle/photos?utm_source=api_basic_user&utm_medium=api&utm_campaign=v2.1#tabtop,Mexican,0,Dick's Drive-In,47.71825833,-122.2967694,1,4,https://www.zomato.com/seattle/dicks-drive-in-lake-city/photos?utm_source=api_basic_user&utm_medium=api&utm_campaign=v2.1#tabtop,Fast Food,0,Wendy's,47.71503858,-122.2973585,1,2.9,https://www.zomato.com/seattle/wendys-1-seattle/photos?utm_source=api_basic_user&utm_medium=api&utm_campaign=v2.1#tabtop,Fast Food,0,Breakfast Club,47.71773611,-122.2960194,2,3.4,https://www.zomato.com/seattle/breakfast-club-seattle/photos?utm_source=api_basic_user&utm_medium=api&utm_campaign=v2.1#tabtop,Cafe,0
13,2289,47.6264794,-122.2051488,Bellevue,,,KuKuRuZa Gourmet Popcorn,47.6294978,-122.2016616,1,3.2,https://www.zomato.com/bellevue-wa/kukuruza-gourmet-popcorn-bellevue/photos?utm_source=api_basic_user&utm_medium=api&utm_campaign=v2.1#tabtop,Desserts,0,Domino's Pizza,47.62083476,-122.199677,2,3.3,https://www.zomato.com/bellevue-wa/dominos-pizza-1-bellevue/photos?utm_source=api_basic_user&utm_medium=api&utm_campaign=v2.1#tabtop,"Pizza, Fast Food",0,Tony Maroni's,47.6197899,-122.2027617,2,3.2,https://www.zomato.com/bellevue-wa/tony-maronis-1-bellevue/photos?utm_source=api_basic_user&utm_medium=api&utm_campaign=v2.1#tabtop,Pizza,0,Facing East Taiwanese Restaurant,47.6197899,-122.2027617,1,4,https://www.zomato.com/bellevue-wa/facing-east-taiwanese-restaurant-bellevue/photos?utm_source=api_basic_user&utm_medium=api&utm_campaign=v2.1#tabtop,"Chinese, Taiwanese",0
14,1547.5,47.6614244,-122.2683743,Seattle,,,Sand Point Grill,47.66824444,-122.2768556,3,3.8,https://www.zomato.com/seattle/sand-point-grill-sand-point/photos?utm_source=api_basic_user&utm_medium=api&utm_campaign=v2.1#tabtop,American,0,Starbucks,47.664214,-122.283288,1,2.9,https://www.zomato.com/seattle/starbucks-laurelhurst/photos?utm_source=api_basic_user&utm_medium=api&utm_campaign=v2.1#tabtop,Cafe,0,Metropolitan Market,47.668159,-122.2838189,2,3.6,https://www.zomato.com/seattle/metropolitan-market-sand-point/photos?utm_source=api_basic_user&utm_medium=api&utm_campaign=v2.1#tabtop,"New American, Bakery",0,Marlai Thai Cuisine,47.66118889,-122.2874306,2,3.7,https://www.zomato.com/seattle/marlai-thai-cuisine-laurelhurst/photos?utm_source=api_basic_user&utm_medium=api&utm_campaign=v2.1#tabtop,Thai,0
15,1767,47.5412021,-122.2675626,Seattle,,,Zest Fast Food,47.5387581,-122.2709993,1,3.3,https://www.zomato.com/seattle/zest-fast-food-rainier-valley/photos?utm_source=api_basic_user&utm_medium=api&utm_campaign=v2.1#tabtop,"Burger, Fast Food",0,Jackson's Catfish Corner,47.5379379,-122.27014,2,0,https://www.zomato.com/seattle/jacksons-catfish-corner-rainier-beach/photos?utm_source=api_basic_user&utm_medium=api&utm_campaign=v2.1#tabtop,"Fish and Chips, Burger, Soul Food, Southern, Cajun",0,Los Tinos Mexican Restaurant,47.536776,-122.269896,3,3.4,https://www.zomato.com/seattle/los-tinos-mexican-restaurant-rainier-valley/photos?utm_source=api_basic_user&utm_medium=api&utm_campaign=v2.1#tabtop,Mexican,0,Los Potrillos,47.546259,-122.275768,1,0,https://www.zomato.com/seattle/los-potrillos-rainier-valley/photos?utm_source=api_basic_user&utm_medium=api&utm_campaign=v2.1#tabtop,Mexican,0
16,1225,47.9088246,-122.268112,Paine Field-Lake Stickney,,,High Flying Espresso,47.89620556,-122.2636556,1,0,https://www.zomato.com/everett-wa/high-flying-espresso-everett/photos?utm_source=api_basic_user&utm_medium=api&utm_campaign=v2.1#tabtop,Coffee and Tea,0,Pho 36,47.8994825,-122.2496642,1,0,https://www.zomato.com/everett-wa/pho-36-everett/photos?utm_source=api_basic_user&utm_medium=api&utm_campaign=v2.1#tabtop,Vietnamese,0,Avocados,47.89950278,-122.249625,2,3.5,https://www.zomato.com/everett-wa/avocados-everett/photos?utm_source=api_basic_user&utm_medium=api&utm_campaign=v2.1#tabtop,Tex-Mex,0,Razzals,47.89709444,-122.2526861,2,3.2,https://www.zomato.com/everett-wa/razzals-everett/photos?utm_source=api_basic_user&utm_medium=api&utm_campaign=v2.1#tabtop,American,0
17,1795,47.6338217,-122.3215448,Seattle,,,Grand Central Bakery,47.63457778,-122.3252556,1,3.5,https://www.zomato.com/seattle/grand-central-bakery-eastlake-lake-union/photos?utm_source=api_basic_user&utm_medium=api&utm_campaign=v2.1#tabtop,"Cafe, Sandwich, Bakery",0,Eastlake Specialty Market,47.63352222,-122.325875,1,3,https://www.zomato.com/seattle/eastlake-specialty-market-eastlake-lake-union/photos?utm_source=api_basic_user&utm_medium=api&utm_campaign=v2.1#tabtop,"Sandwich, Deli",0,Le Messe,47.635955,-122.3262,2,0,https://www.zomato.com/seattle/le-messe-eastlake-lake-union/photos?utm_source=api_basic_user&utm_medium=api&utm_campaign=v2.1#tabtop,Italian,0,Serafina,47.63709,-122.32598,3,4.2,https://www.zomato.com/seattle/serafina-eastlake-lake-union/photos?utm_source=api_basic_user&utm_medium=api&utm_campaign=v2.1#tabtop,Italian,0
18,1463.5,47.85839,-122.2709006,Lynnwood,,,The Vienna Coffee Company,47.85274444,-122.2604306,1,3.2,https://www.zomato.com/lynnwood-wa/the-vienna-coffee-company-lynnwood/photos?utm_source=api_basic_user&utm_medium=api&utm_campaign=v2.1#tabtop,Cafe,0,Taco Bell,47.8632798,-122.2821961,1,3.2,https://www.zomato.com/lynnwood-wa/taco-bell-lynnwood/photos?utm_source=api_basic_user&utm_medium=api&utm_campaign=v2.1#tabtop,Fast Food,0,Kami Teriyaki,47.852775,-122.2603306,2,3.3,https://www.zomato.com/lynnwood-wa/kami-teriyaki-lynnwood/photos?utm_source=api_basic_user&utm_medium=api&utm_campaign=v2.1#tabtop,Teriyaki,0,Round Table Pizza,47.85333889,-122.2592556,1,0,https://www.zomato.com/lynnwood-wa/round-table-pizza-lynnwood/photos?utm_source=api_basic_user&utm_medium=api&utm_campaign=v2.1#tabtop,"Pizza, Italian",0
19,1944,47.6683603,-122.3769582,Seattle,,,Five Guys,47.66875,-122.37659,1,3,https://www.zomato.com/seattle/five-guys-ballard/photos?utm_source=api_basic_user&utm_medium=api&utm_campaign=v2.1#tabtop,Fast Food,0,Jimmy John's,47.6688582,-122.3765765,1,0,https://www.zomato.com/seattle/jimmy-johns-ballard/photos?utm_source=api_basic_user&utm_medium=api&utm_campaign=v2.1#tabtop,"Sandwich, Fast Food",0,Wendy's,47.66774636,-122.3766738,1,3.1,https://www.zomato.com/seattle/wendys-ballard/photos?utm_source=api_basic_user&utm_medium=api&utm_campaign=v2.1#tabtop,Fast Food,0,Subway,47.66749572,-122.3759155,1,3,https://www.zomato.com/seattle/subway-ballard/photos?utm_source=api_basic_user&utm_medium=api&utm_campaign=v2.1#tabtop,"Fast Food, Sandwich",0
20,1560,47.5105794,-122.1909906,Renton,,,Ivar's Seafood Bar,47.50690556,-122.2022389,1,3.5,https://www.zomato.com/renton-wa/ivars-seafood-bar-renton/photos?utm_source=api_basic_user&utm_medium=api&utm_campaign=v2.1#tabtop,"Fast Food, Seafood, Diner",0,Espresso Time,47.518632,-122.1971276,1,0,https://www.zomato.com/renton-wa/espresso-time-renton/photos?utm_source=api_basic_user&utm_medium=api&utm_campaign=v2.1#tabtop,Coffee and Tea,0,Katie J's Bar & Grill,47.5015249,-122.1874157,2,0,https://www.zomato.com/renton-wa/katie-js-bar-grill-renton/photos?utm_source=api_basic_user&utm_medium=api&utm_campaign=v2.1#tabtop,Bar Food,0,Vitmar Euro Food,47.5015249,-122.1874157,1,0,https://www.zomato.com/renton-wa/vitmar-euro-food-renton/photos?utm_source=api_basic_user&utm_medium=api&utm_campaign=v2.1#tabtop,"Eastern European, Deli",0
21,1395,47.6913332,-122.382432,Seattle,,,Pizza Hut,47.69161667,-122.3770056,1,3.2,https://www.zomato.com/seattle/pizza-hut-ballard/photos?utm_source=api_basic_user&utm_medium=api&utm_campaign=v2.1#tabtop,"Fast Food, Pizza",0,Bento Sushi,47.69091557,-122.3770201,2,3.6,https://www.zomato.com/seattle/bento-sushi-ballard/photos?utm_source=api_basic_user&utm_medium=api&utm_campaign=v2.1#tabtop,Sushi,0,Wild Orchid,47.69171389,-122.376975,2,4.1,https://www.zomato.com/seattle/wild-orchid-ballard/photos?utm_source=api_basic_user&utm_medium=api&utm_campaign=v2.1#tabtop,Thai,0,Taki's Mad Greek,47.69094,-122.37689,2,3.9,https://www.zomato.com/seattle/takis-mad-greek-ballard/photos?utm_source=api_basic_user&utm_medium=api&utm_campaign=v2.1#tabtop,Greek,0
22,1325,47.4116866,-122.245159,Kent,,,Starbucks,47.412875,-122.2502528,1,0,https://www.zomato.com/kent-wa/starbucks-17-kent/photos?utm_source=api_basic_user&utm_medium=api&utm_campaign=v2.1#tabtop,Cafe,0,Nikko Teriyaki,47.41283056,-122.2509917,3,0,https://www.zomato.com/kent-wa/nikko-teriyaki-kent/photos?utm_source=api_basic_user&utm_medium=api&utm_campaign=v2.1#tabtop,Japanese,0,Saimin Says,47.41300833,-122.2512194,2,3.7,https://www.zomato.com/kent-wa/saimin-says-kent/photos?utm_source=api_basic_user&utm_medium=api&utm_campaign=v2.1#tabtop,"Diner, Hawaiian",0,Joe's Deli,47.41297222,-122.2515722,1,0,https://www.zomato.com/kent-wa/joes-deli-kent/photos?utm_source=api_basic_user&utm_medium=api&utm_campaign=v2.1#tabtop,"Sandwich, Deli",0
23,2514,47.6152474,-122.3497446,Seattle,,,Some Random Bar,47.61546389,-122.3501139,2,3.3,https://www.zomato.com/seattle/some-random-bar-belltown/photos?utm_source=api_basic_user&utm_medium=api&utm_campaign=v2.1#tabtop,"Bar Food, American",0,Thai On One,47.615175,-122.3492,1,0,https://www.zomato.com/seattle/thai-on-one-belltown/photos?utm_source=api_basic_user&utm_medium=api&utm_campaign=v2.1#tabtop,Thai,0,Jerk Shack,47.615043,-122.349053,1,0,https://www.zomato.com/seattle/jerk-shack-downtown/photos?utm_source=api_basic_user&utm_medium=api&utm_campaign=v2.1#tabtop,Caribbean,0,El Gaucho,47.61491389,-122.3491528,4,4,https://www.zomato.com/seattle/el-gaucho-belltown/photos?utm_source=api_basic_user&utm_medium=api&utm_campaign=v2.1#tabtop,"Steak, Seafood, Pacific Northwest",0
24,1785,47.5745802,-122.4047843,Seattle,,,Phoenecia,47.579009,-122.410112,2,3.9,https://www.zomato.com/seattle/phoenecia-west-seattle/photos?utm_source=api_basic_user&utm_medium=api&utm_campaign=v2.1#tabtop,"Pizza, Tapas",0,Thai Landing On Alki,47.580099,-122.407325,2,0,https://www.zomato.com/seattle/thai-landing-on-alki-west-seattle/photos?utm_source=api_basic_user&utm_medium=api&utm_campaign=v2.1#tabtop,Thai,0,Homefront Smoothies & Espresso,47.580077,-122.407432,1,2.7,https://www.zomato.com/seattle/homefront-smoothies-espresso-west-seattle/photos?utm_source=api_basic_user&utm_medium=api&utm_campaign=v2.1#tabtop,Beverages,0,El Chupacabra,47.580103,-122.407311,2,3.6,https://www.zomato.com/seattle/el-chupacabra-west-seattle/photos?utm_source=api_basic_user&utm_medium=api&utm_campaign=v2.1#tabtop,"Vegetarian, Mexican",0
25,1272.5,47.9990269,-122.1914014,Everett,,,Ray's Drive in,47.99874444,-122.2007833,1,3.6,https://www.zomato.com/everett-wa/rays-drive-in-everett/photos?utm_source=api_basic_user&utm_medium=api&utm_campaign=v2.1#tabtop,"Burger, American",0,Blue Moon Tavern,47.99906111,-122.2008889,2,3.2,https://www.zomato.com/everett-wa/blue-moon-everett/photos?utm_source=api_basic_user&utm_medium=api&utm_campaign=v2.1#tabtop,Bar Food,0,Silver Cup Coffee,48.0027242,-122.2007354,1,0,https://www.zomato.com/everett-wa/silver-cup-coffee-2-everett/photos?utm_source=api_basic_user&utm_medium=api&utm_campaign=v2.1#tabtop,Cafe,0,Diedrich Espresso,48.0027242,-122.2007354,1,0,https://www.zomato.com/everett-wa/diedrich-espresso-1-everett/photos?utm_source=api_basic_user&utm_medium=api&utm_campaign=v2.1#tabtop,Cafe,0
26,1129,47.1616994,-122.5019796,Lakewood,,,Maresol Restaurant,47.1620501,-122.5050054,1,3.3,https://www.zomato.com/lakewood-wa/maresol-restaurant-lakewood/photos?utm_source=api_basic_user&utm_medium=api&utm_campaign=v2.1#tabtop,Filipino,0,Maresol's,47.16204722,-122.5051194,1,3.5,https://www.zomato.com/lakewood-wa/maresols-lakewood/photos?utm_source=api_basic_user&utm_medium=api&utm_campaign=v2.1#tabtop,Filipino,0,Bruno's European Restaurant,47.16,-122.5,1,0,https://www.zomato.com/lakewood-wa/brunos-european-restaurant-lakewood/photos?utm_source=api_basic_user&utm_medium=api&utm_campaign=v2.1#tabtop,"German, Polish",0,Wendy's,47.1597649,-122.5041942,1,3.2,https://www.zomato.com/lakewood-wa/wendys-1-lakewood/photos?utm_source=api_basic_user&utm_medium=api&utm_campaign=v2.1#tabtop,Fast Food,0
27,1823,47.4925009,-121.9516339,Issaquah,,,Rhodies BBQ,47.5260836,-121.9364647,2,3.6,https://www.zomato.com/issaquah-wa/rhodies-bbq-issaquah/photos?utm_source=api_basic_user&utm_medium=api&utm_campaign=v2.1#tabtop,BBQ,0,Corner Bakery Cafe,47.54,-122,1,0,https://www.zomato.com/issaquah-wa/corner-bakery-cafe-issaquah/photos?utm_source=api_basic_user&utm_medium=api&utm_campaign=v2.1#tabtop,"Cafe, Bakery, American",0,Ramen Bushi-Do,47.54,-122,1,0,https://www.zomato.com/issaquah-wa/ramen-bushi-do-issaquah/photos?utm_source=api_basic_user&utm_medium=api&utm_campaign=v2.1#tabtop,Ramen,0,Zeeks Pizza,47.54496,-121.99567,2,3.8,https://www.zomato.com/issaquah-wa/zeeks-pizza-issaquah/photos?utm_source=api_basic_user&utm_medium=api&utm_campaign=v2.1#tabtop,Pizza,0
28,1922,47.6384586,-122.3674079,Seattle,,,Macrina Bakery,47.63947778,-122.3657306,2,4.2,https://www.zomato.com/seattle/macrina-bakery-queen-anne-upper/photos?utm_source=api_basic_user&utm_medium=api&utm_campaign=v2.1#tabtop,"Cafe, Bakery",0,Targy's Tavern,47.63779444,-122.3651278,1,3.4,https://www.zomato.com/seattle/targys-tavern-queen-anne-upper/photos?utm_source=api_basic_user&utm_medium=api&utm_campaign=v2.1#tabtop,Bar Food,0,Bustle Caffe,47.639525,-122.3649056,1,3.5,https://www.zomato.com/seattle/bustle-caffe-queen-anne-upper/photos?utm_source=api_basic_user&utm_medium=api&utm_campaign=v2.1#tabtop,Cafe,0,Ken's Market Espresso,47.63970833,-122.3645083,1,3.2,https://www.zomato.com/seattle/kens-market-espresso-queen-anne-upper/photos?utm_source=api_basic_user&utm_medium=api&utm_campaign=v2.1#tabtop,Coffee and Tea,0
29,1727,47.6105427,-122.142426,Bellevue,"Just north of downtown, a mix of high-rise condos and trendy dining and shopping spots, Belltown is a neighborhood where being bored isnít an option.",https://uploads.visitseattle.org/2015/03/Bellevue_Newcastle_creditBellevue-e1543891298676-300x200.jpg,Best Wok,47.6099,-122.14297,2,3.7,https://www.zomato.com/bellevue-wa/best-wok-bellevue/photos?utm_source=api_basic_user&utm_medium=api&utm_campaign=v2.1#tabtop,Chinese,0,Little Caesars,47.6098126,-122.1420861,1,0,https://www.zomato.com/bellevue-wa/little-caesars-bellevue/photos?utm_source=api_basic_user&utm_medium=api&utm_campaign=v2.1#tabtop,"Fast Food, Pizza",0,Wingstop,47.6098418,-122.1416352,2,3.3,https://www.zomato.com/bellevue-wa/wingstop-bellevue/photos?utm_source=api_basic_user&utm_medium=api&utm_campaign=v2.1#tabtop,American,0,Menchie's,47.6096578,-122.1415502,1,0,https://www.zomato.com/bellevue-wa/menchies-bellevue/photos?utm_source=api_basic_user&utm_medium=api&utm_campaign=v2.1#tabtop,Frozen Yogurt,0
30,1578.5,47.759038,-122.202107,Bothell,,,Kozy Corner Cafe,47.76011389,-122.2040167,2,3.4,https://www.zomato.com/bothell-wa/kozy-corner-cafe-bothell/photos?utm_source=api_basic_user&utm_medium=api&utm_campaign=v2.1#tabtop,American,0,Daddy's Donuts,47.76,-122.2,1,0,https://www.zomato.com/bothell-wa/daddys-donuts-bothell/photos?utm_source=api_basic_user&utm_medium=api&utm_campaign=v2.1#tabtop,"Desserts, Donuts",0,Steve's Cafe,47.76015833,-122.2047056,2,3.5,https://www.zomato.com/bothell-wa/steves-cafe-bothell/photos?utm_source=api_basic_user&utm_medium=api&utm_campaign=v2.1#tabtop,Cafe,0,Alexa's Cafe & Catering,47.76006944,-122.2048944,2,3.8,https://www.zomato.com/bothell-wa/alexas-cafe-catering-bothell/photos?utm_source=api_basic_user&utm_medium=api&utm_campaign=v2.1#tabtop,Cafe,0
31,2399.5,47.6084921,-122.336407,Seattle,,,Davids & Co,47.6080842,-122.3369703,1,0,https://www.zomato.com/seattle/davids-co-downtown/photos?utm_source=api_basic_user&utm_medium=api&utm_campaign=v2.1#tabtop,Sandwich,0,Gelatiamo,47.6089706,-122.3368408,1,3.7,https://www.zomato.com/seattle/gelatiamo-downtown/photos?utm_source=api_basic_user&utm_medium=api&utm_campaign=v2.1#tabtop,"Cafe, Desserts, Bakery",0,Pane Pane Sandwiches,47.60900878,-122.3367691,1,3.6,https://www.zomato.com/seattle/pane-pane-sandwiches-downtown/photos?utm_source=api_basic_user&utm_medium=api&utm_campaign=v2.1#tabtop,"Sandwich, Vegetarian",0,Starbucks,47.6081198,-122.3371594,1,3,https://www.zomato.com/seattle/starbucks-14-downtown/photos?utm_source=api_basic_user&utm_medium=api&utm_campaign=v2.1#tabtop,Cafe,0
32,1195,47.2457073,-122.4773432,Tacoma,,,Little Bird Deli,47.2418182,-122.4813942,1,3.5,https://www.zomato.com/tacoma-wa/little-bird-deli-tacoma/photos?utm_source=api_basic_user&utm_medium=api&utm_campaign=v2.1#tabtop,"Sandwich, Cafe, Deli",0,Papa Murphy's,47.24976667,-122.4833528,1,0,https://www.zomato.com/tacoma-wa/papa-murphys-tacoma/photos?utm_source=api_basic_user&utm_medium=api&utm_campaign=v2.1#tabtop,"Fast Food, Pizza",0,Papa Murphy's,47.25,-122.483,1,0,https://www.zomato.com/tacoma-wa/papa-murphys-1-tacoma/photos?utm_source=api_basic_user&utm_medium=api&utm_campaign=v2.1#tabtop,"Fast Food, Pizza",0,McDonald's,47.23992219,-122.4817354,1,0,https://www.zomato.com/tacoma-wa/mcdonalds-10-tacoma/photos?utm_source=api_basic_user&utm_medium=api&utm_campaign=v2.1#tabtop,Fast Food,0
33,1695,47.6329523,-122.2891887,Seattle,,,Bella Viet Cafe,47.6339545,-122.280414,2,3.2,https://www.zomato.com/seattle/bella-viet-cafe-madison-park/photos?utm_source=api_basic_user&utm_medium=api&utm_campaign=v2.1#tabtop,Vietnamese,0,Scoop Du Jour Ice Creamery,47.634002,-122.280188,1,3.5,https://www.zomato.com/seattle/scoop-du-jour-ice-creamery-madison-park/photos?utm_source=api_basic_user&utm_medium=api&utm_campaign=v2.1#tabtop,"Ice Cream, Desserts",0,Nishino,47.6268715,-122.2918607,3,4.2,https://www.zomato.com/seattle/nishino-madison-park/photos?utm_source=api_basic_user&utm_medium=api&utm_campaign=v2.1#tabtop,"Sushi, Japanese",0,Famous Northwest Catering Co.,47.6263898,-122.291206,1,3.2,https://www.zomato.com/seattle/famous-northwest-catering-co-madison-park/photos?utm_source=api_basic_user&utm_medium=api&utm_campaign=v2.1#tabtop,"Coffee and Tea, Cafe, American",0
34,1345,47.8419525,-122.2881807,Lynnwood,,,Subway,47.84520278,-122.2946028,1,0,https://www.zomato.com/lynnwood-wa/subway-7-lynnwood/photos?utm_source=api_basic_user&utm_medium=api&utm_campaign=v2.1#tabtop,"Fast Food, Sandwich",0,Papa John's Pizza,47.8463009,-122.293017,2,3.2,https://www.zomato.com/lynnwood-wa/papa-johns-pizza-lynnwood/photos?utm_source=api_basic_user&utm_medium=api&utm_campaign=v2.1#tabtop,"Fast Food, Pizza",0,Tub's Gourmet Subs,47.84653056,-122.2931222,1,3.8,https://www.zomato.com/lynnwood-wa/tubs-gourmet-subs-lynnwood/photos?utm_source=api_basic_user&utm_medium=api&utm_campaign=v2.1#tabtop,Sandwich,0,Pho Than Brothers,47.845875,-122.29425,1,3.4,https://www.zomato.com/lynnwood-wa/pho-than-brothers-lynnwood/photos?utm_source=api_basic_user&utm_medium=api&utm_campaign=v2.1#tabtop,"Asian, Vietnamese",0
35,1823,47.5824227,-122.2331227,Mercer Island,,,Pon Proem Thai Restaurant,47.58239722,-122.2345889,2,4.5,https://www.zomato.com/mercer-island-wa/pon-proem-thai-restaurant-mercer-island/photos?utm_source=api_basic_user&utm_medium=api&utm_campaign=v2.1#tabtop,"Asian, Thai",0,Phobulous,47.58253889,-122.2345889,2,3.7,https://www.zomato.com/mercer-island-wa/phobulous-mercer-island/photos?utm_source=api_basic_user&utm_medium=api&utm_campaign=v2.1#tabtop,Vietnamese,0,Homegrown,47.58352,-122.23353,2,3,https://www.zomato.com/mercer-island-wa/homegrown-mercer-island/photos?utm_source=api_basic_user&utm_medium=api&utm_campaign=v2.1#tabtop,Sandwich,0,Mo's Pizza Wine & Dive,47.58271,-122.23093,2,3.7,https://www.zomato.com/mercer-island-wa/mos-pizza-wine-dive-mercer-island/photos?utm_source=api_basic_user&utm_medium=api&utm_campaign=v2.1#tabtop,Pizza,0
36,1515,47.5762049,-122.3736284,Seattle,,,Luna Park Cafe,47.57064444,-122.3711306,2,4.1,https://www.zomato.com/seattle/luna-park-cafe-seattle/photos?utm_source=api_basic_user&utm_medium=api&utm_campaign=v2.1#tabtop,"American, Breakfast",0,The Shack,47.57047778,-122.3708333,1,0,https://www.zomato.com/seattle/the-shack-west-seattle/photos?utm_source=api_basic_user&utm_medium=api&utm_campaign=v2.1#tabtop,Cafe,0,Starbucks,47.58095556,-122.3844139,1,2.9,https://www.zomato.com/seattle/starbucks-98-seattle/photos?utm_source=api_basic_user&utm_medium=api&utm_campaign=v2.1#tabtop,Cafe,0,Domino's Pizza,47.57481578,-122.3864128,1,0,https://www.zomato.com/seattle/dominos-pizza-1-west-seattle/photos?utm_source=api_basic_user&utm_medium=api&utm_campaign=v2.1#tabtop,Pizza,0
37,1495,47.65805,-122.7120272,Silverdale,,,Cafe Noir,47.65874444,-122.695825,1,0,https://www.zomato.com/silverdale-wa/cafe-noir-silverdale/photos?utm_source=api_basic_user&utm_medium=api&utm_campaign=v2.1#tabtop,Cafe,0,Olive Garden Italian Restaurant,47.65917,-122.69541,2,3.3,https://www.zomato.com/silverdale-wa/olive-garden-italian-restaurant-silverdale/photos?utm_source=api_basic_user&utm_medium=api&utm_campaign=v2.1#tabtop,Italian,0,Red Lobster,47.65917,-122.69541,2,3.2,https://www.zomato.com/silverdale-wa/red-lobster-silverdale/photos?utm_source=api_basic_user&utm_medium=api&utm_campaign=v2.1#tabtop,Seafood,0,Down East Fish & Chips & Teriyaki,47.65876667,-122.6950306,1,3.2,https://www.zomato.com/silverdale-wa/down-east-fish-chips-teriyaki-silverdale/photos?utm_source=api_basic_user&utm_medium=api&utm_campaign=v2.1#tabtop,Teriyaki,0
38,1350,47.4623372,-122.2055058,Renton,,,Pizza Time,47.4626526,-122.2033577,3,3.2,https://www.zomato.com/renton-wa/pizza-time-renton/photos?utm_source=api_basic_user&utm_medium=api&utm_campaign=v2.1#tabtop,"Fast Food, Pizza",0,Oasis Tea Zone,47.4698993,-122.2123277,1,0,https://www.zomato.com/renton-wa/oasis-tea-zone-renton/photos?utm_source=api_basic_user&utm_medium=api&utm_campaign=v2.1#tabtop,"Bubble Tea, Desserts, Cafe",0,Uwajimaya,47.4698993,-122.2123277,1,3.2,https://www.zomato.com/renton-wa/uwajimaya-renton/photos?utm_source=api_basic_user&utm_medium=api&utm_campaign=v2.1#tabtop,"Japanese, BBQ, Deli, Seafood",0,Cherry De Pon,47.4703866,-122.2132559,1,3.5,https://www.zomato.com/renton-wa/cherry-de-pon-renton/photos?utm_source=api_basic_user&utm_medium=api&utm_campaign=v2.1#tabtop,"Frozen Yogurt, Bubble Tea",0
39,2100,47.6015566,-122.3323351,Seattle,,,Shawn O'Donnell's,47.60177,-122.332031,2,3,https://www.zomato.com/seattle/shawn-odonnells-downtown/photos?utm_source=api_basic_user&utm_medium=api&utm_campaign=v2.1#tabtop,"Bar Food, Irish, American",0,Nirmal's,47.6013749,-122.3327765,3,3,https://www.zomato.com/seattle/nirmals-pioneer-square/photos?utm_source=api_basic_user&utm_medium=api&utm_campaign=v2.1#tabtop,Indian,0,Pizza Professionals,47.6013545,-122.3327623,1,3.4,https://www.zomato.com/seattle/pizza-professionals-pioneer-square/photos?utm_source=api_basic_user&utm_medium=api&utm_campaign=v2.1#tabtop,Pizza,0,Casco Antiguo,47.60159,-122.33296,2,3.3,https://www.zomato.com/seattle/casco-antiguo-downtown/photos?utm_source=api_basic_user&utm_medium=api&utm_campaign=v2.1#tabtop,Mexican,0
40,1673,47.6150436,-122.1717577,Bellevue,,,Starbucks,47.6158086,-122.1806632,1,0,https://www.zomato.com/bellevue-wa/starbucks-5-bellevue/photos?utm_source=api_basic_user&utm_medium=api&utm_campaign=v2.1#tabtop,Cafe,0,Big Apple Bagels,47.6162158,-122.1806792,1,0,https://www.zomato.com/bellevue-wa/big-apple-bagels-bellevue/photos?utm_source=api_basic_user&utm_medium=api&utm_campaign=v2.1#tabtop,Bagels,0,Moghul Palace,47.6162158,-122.1806792,3,3.8,https://www.zomato.com/bellevue-wa/moghul-palace-1-bellevue/photos?utm_source=api_basic_user&utm_medium=api&utm_campaign=v2.1#tabtop,"Indian, Middle Eastern",0,Taco Del Mar,47.6162158,-122.1806792,1,3.3,https://www.zomato.com/bellevue-wa/taco-del-mar-bellevue/photos?utm_source=api_basic_user&utm_medium=api&utm_campaign=v2.1#tabtop,Mexican,0
41,1980,47.668328,-122.387233,Ballard,"Just a short drive across Lake Washington, along the longest floating bridge in the world, Bellevue is a green wonderland with nearly 100 parks dotting its landscape between Lake Washington and Lake Sammamish, offering a downtown neighborhood with plenty to do.",https://uploads.visitseattle.org/2015/03/bainbridge_thisamericanmouth-2-300x179.jpg,Ocho,47.6685124,-122.3873588,2,4.3,https://www.zomato.com/seattle/ocho-ballard/photos?utm_source=api_basic_user&utm_medium=api&utm_campaign=v2.1#tabtop,"Tapas, Spanish",0,Hazlewood,47.66853258,-122.3867783,1,3.5,https://www.zomato.com/seattle/hazlewood-ballard/photos?utm_source=api_basic_user&utm_medium=api&utm_campaign=v2.1#tabtop,Drinks Only,0,The Market Arms,47.66857222,-122.387725,2,3.2,https://www.zomato.com/seattle/the-market-arms-ballard/photos?utm_source=api_basic_user&utm_medium=api&utm_campaign=v2.1#tabtop,"Pub Food, British",0,La Isla,47.66875556,-122.3872917,2,4.4,https://www.zomato.com/seattle/la-isla-ballard/photos?utm_source=api_basic_user&utm_medium=api&utm_campaign=v2.1#tabtop,"Caribbean, Latin American, Cajun",0
42,2197.5,47.614592,-122.348464,Belltown,This expansive district contains a mix of tree-shaded streets flanked by some of Seattleís loveliest century-old mansions and commercial thoroughfares.,https://uploads.visitseattle.org/2015/03/belltown_DavidNewman-2-e1488487261463-300x200.jpg,Cyclops,47.6144681,-122.348711,2,3.6,https://www.zomato.com/seattle/cyclops-belltown/photos?utm_source=api_basic_user&utm_medium=api&utm_campaign=v2.1#tabtop,"Bar Food, American",0,Macrina Bakery,47.6144973,-122.3480069,2,4.4,https://www.zomato.com/seattle/macrina-bakery-belltown/photos?utm_source=api_basic_user&utm_medium=api&utm_campaign=v2.1#tabtop,"Cafe, Bakery",0,The Lost Pelican,47.61422222,-122.3478611,3,2.2,https://www.zomato.com/seattle/the-lost-pelican-belltown/photos?utm_source=api_basic_user&utm_medium=api&utm_campaign=v2.1#tabtop,"Cajun, Southern",0,The Innkeeper,47.61501667,-122.3489917,2,3.6,https://www.zomato.com/seattle/the-innkeeper-belltown/photos?utm_source=api_basic_user&utm_medium=api&utm_campaign=v2.1#tabtop,Mexican,0
43,1691.5,47.538786,-122.275961,Brighton,,,El Asadero,47.5376611,-122.280413,1,0,https://www.zomato.com/seattle/el-asadero-rainier-valley/photos?utm_source=api_basic_user&utm_medium=api&utm_campaign=v2.1#tabtop,Mexican,0,Zest Fast Food,47.5387581,-122.2709993,1,3.3,https://www.zomato.com/seattle/zest-fast-food-rainier-valley/photos?utm_source=api_basic_user&utm_medium=api&utm_campaign=v2.1#tabtop,"Burger, Fast Food",0,Othello Wok and Teriyaki,47.5365971,-122.2801011,1,0,https://www.zomato.com/seattle/othello-wok-and-teriyaki-rainier-valley/photos?utm_source=api_basic_user&utm_medium=api&utm_campaign=v2.1#tabtop,"Teriyaki, Japanese",0,Herbivores,47.5375406,-122.2809682,1,0,https://www.zomato.com/seattle/herbivores-rainier-valley/photos?utm_source=api_basic_user&utm_medium=api&utm_campaign=v2.1#tabtop,BBQ,0
44,1895,47.62622,-122.315979,Capitol Hill,"This ìneighborhood of nationsî occupies one of the countryís most diverse zip codes, where descendants from European settlers, East African immigrants, Orthodox Jews, and other cultural groups make for a true melting pot.",https://uploads.visitseattle.org/2015/03/NoguchiNeedle_DavidNewman-2-300x225.jpg,Roy Street Coffee & Tea,47.6255277,-122.3208004,1,3.6,https://www.zomato.com/seattle/roy-street-coffee-tea-capitol-hill/photos?utm_source=api_basic_user&utm_medium=api&utm_campaign=v2.1#tabtop,Cafe,0,The Patio,47.624034,-122.312266,2,3.3,https://www.zomato.com/seattle/the-patio-capitol-hill/photos?utm_source=api_basic_user&utm_medium=api&utm_campaign=v2.1#tabtop,Thai,0,Olympia Pizza & Spaghetti House,47.62383611,-122.3124,2,3.9,https://www.zomato.com/seattle/olympia-pizza-spaghetti-house-capitol-hill/photos?utm_source=api_basic_user&utm_medium=api&utm_campaign=v2.1#tabtop,"Pizza, Italian",0,Harry's Bar,47.62376111,-122.3124861,2,2.9,https://www.zomato.com/seattle/harrys-bar-capitol-hill/photos?utm_source=api_basic_user&utm_medium=api&utm_campaign=v2.1#tabtop,"Pizza, Italian",0
45,1562,47.724628,-122.287479,Cedar Park,,,Jack in the Box,47.72453011,-122.2930858,1,2.6,https://www.zomato.com/seattle/jack-in-the-box-1-seattle/photos?utm_source=api_basic_user&utm_medium=api&utm_campaign=v2.1#tabtop,Fast Food,0,Hellbent Brewing,47.72392222,-122.2930139,1,0,https://www.zomato.com/seattle/hellbent-brewing-lake-city/photos?utm_source=api_basic_user&utm_medium=api&utm_campaign=v2.1#tabtop,Bar Food,0,Beer Authority,47.7219139,-122.2933976,1,0,https://www.zomato.com/seattle/beer-authority-lake-city/photos?utm_source=api_basic_user&utm_medium=api&utm_campaign=v2.1#tabtop,Drinks Only,0,Manila Manila,47.7214353,-122.2937283,1,0,https://www.zomato.com/seattle/manila-manila-lake-city/photos?utm_source=api_basic_user&utm_medium=api&utm_campaign=v2.1#tabtop,Filipino,0
46,2935,47.615618,-122.337897,Denny Triangle,,,Great State Burger,47.6152838,-122.3378418,1,2.8,https://www.zomato.com/seattle/great-state-burger-downtown/photos?utm_source=api_basic_user&utm_medium=api&utm_campaign=v2.1#tabtop,Burger,0,Bar Noroeste,47.6152838,-122.3378418,1,0,https://www.zomato.com/seattle/bar-noroeste-downtown/photos?utm_source=api_basic_user&utm_medium=api&utm_campaign=v2.1#tabtop,"Mexican, Taco",0,FareStart,47.6153641,-122.3374081,2,3.8,https://www.zomato.com/seattle/farestart-downtown/photos?utm_source=api_basic_user&utm_medium=api&utm_campaign=v2.1#tabtop,"Vegetarian, Pacific Northwest, American",0,Starbucks,47.6157821,-122.337269,1,0,https://www.zomato.com/seattle/starbucks-7-downtown/photos?utm_source=api_basic_user&utm_medium=api&utm_campaign=v2.1#tabtop,Cafe,0
47,2298,47.607346,-122.335089,Downtown,"As the self-proclaimed ìCenter of the Universe,î this artsy neighborhood on the north shore of the Lake Washington Ship Canal thrives with its bohemian vibe and quirky claims to fame.",https://uploads.visitseattle.org/2017/02/30115610/IMG_1491-300x225.jpg,Jimmy John's,47.6074575,-122.3354327,1,3.4,https://www.zomato.com/seattle/jimmy-johns-2-downtown/photos?utm_source=api_basic_user&utm_medium=api&utm_campaign=v2.1#tabtop,"Sandwich, Fast Food",0,Sweet Iron Waffles,47.60711,-122.33526,1,3.9,https://www.zomato.com/seattle/sweet-iron-waffles-downtown/photos?utm_source=api_basic_user&utm_medium=api&utm_campaign=v2.1#tabtop,"Belgian, Coffee and Tea",0,Bernard's On Seneca,47.607218,-122.3345832,1,3.2,https://www.zomato.com/seattle/bernards-on-seneca-downtown/photos?utm_source=api_basic_user&utm_medium=api&utm_campaign=v2.1#tabtop,American,0,The Original Deli,47.6076582,-122.334613,1,3.2,https://www.zomato.com/seattle/the-original-deli-downtown/photos?utm_source=api_basic_user&utm_medium=api&utm_campaign=v2.1#tabtop,Sandwich,0
48,1923,47.643806,-122.326777,Eastlake,,,Pomodoro Ristorante,47.64148611,-122.3257833,3,3.7,https://www.zomato.com/seattle/pomodoro-ristorante-eastlake-lake-union/photos?utm_source=api_basic_user&utm_medium=api&utm_campaign=v2.1#tabtop,Italian,0,Pecado Bueno,47.641286,-122.325694,1,0,https://www.zomato.com/seattle/pecado-bueno-eastlake-lake-union/photos?utm_source=api_basic_user&utm_medium=api&utm_campaign=v2.1#tabtop,"Latin American, Mexican",0,Starbucks,47.6410216,-122.3255619,1,2.6,https://www.zomato.com/seattle/starbucks-eastlake-lake-union/photos?utm_source=api_basic_user&utm_medium=api&utm_campaign=v2.1#tabtop,Cafe,0,Sushi Kappo Tamura,47.64679,-122.32486,3,3.8,https://www.zomato.com/seattle/sushi-kappo-tamura-eastlake-lake-union/photos?utm_source=api_basic_user&utm_medium=api&utm_campaign=v2.1#tabtop,"Sushi, Japanese",0
49,1470,47.558159,-122.378924,Fairmount Park,,,Sound & Fog,47.56006573,-122.3829202,1,0,https://www.zomato.com/seattle/sound-fog-west-seattle/photos?utm_source=api_basic_user&utm_medium=api&utm_campaign=v2.1#tabtop,"Cafe, American, Sandwich",0,Taco Del Mar,47.5600876,-122.3845403,1,3.2,https://www.zomato.com/seattle/taco-del-mar-1-west-seattle/photos?utm_source=api_basic_user&utm_medium=api&utm_campaign=v2.1#tabtop,Mexican,0,Papa Murphy's,47.5603695,-122.3845357,1,3.4,https://www.zomato.com/seattle/papa-murphys-west-seattle/photos?utm_source=api_basic_user&utm_medium=api&utm_campaign=v2.1#tabtop,"Fast Food, Pizza",0,Highstrike Grill,47.5624701,-122.3816768,1,3.3,https://www.zomato.com/seattle/highstrike-grill-west-seattle/photos?utm_source=api_basic_user&utm_medium=api&utm_campaign=v2.1#tabtop,American,0
50,2100,47.60819,-122.323829,First Hill,,,Pho Saigon,47.609,-122.3255472,1,3.4,https://www.zomato.com/seattle/pho-saigon-capitol-hill/photos?utm_source=api_basic_user&utm_medium=api&utm_campaign=v2.1#tabtop,"Vietnamese, Chinese",0,Subway,47.60958056,-122.3245694,1,2.9,https://www.zomato.com/seattle/subway-capitol-hill/photos?utm_source=api_basic_user&utm_medium=api&utm_campaign=v2.1#tabtop,"Fast Food, Sandwich",0,Starbucks,47.60973333,-122.324225,1,3.2,https://www.zomato.com/seattle/starbucks-1-capitol-hill/photos?utm_source=api_basic_user&utm_medium=api&utm_campaign=v2.1#tabtop,Cafe,0,Blue Water Taco Grill,47.609744,-122.3233224,1,3.1,https://www.zomato.com/seattle/blue-water-taco-grill-1-capitol-hill/photos?utm_source=api_basic_user&utm_medium=api&utm_campaign=v2.1#tabtop,Mexican,0
51,1803,47.656187,-122.352184,Fremont,,,Lighthouse Roasters Fine Coffees,47.65891389,-122.3542111,1,3.7,https://www.zomato.com/seattle/lighthouse-roasters-fine-coffees-fremont/photos?utm_source=api_basic_user&utm_medium=api&utm_campaign=v2.1#tabtop,Cafe,0,Caffe Vita,47.65889444,-122.3499361,1,3.3,https://www.zomato.com/seattle/caffe-vita-fremont/photos?utm_source=api_basic_user&utm_medium=api&utm_campaign=v2.1#tabtop,Cafe,0,HA!,47.65895,-122.34992,1,3.3,https://www.zomato.com/seattle/ha-fremont/photos?utm_source=api_basic_user&utm_medium=api&utm_campaign=v2.1#tabtop,"American, Mexican",0,Via Tribunali,47.6591431,-122.3502094,2,3.7,https://www.zomato.com/seattle/via-tribunali-fremont/photos?utm_source=api_basic_user&utm_medium=api&utm_campaign=v2.1#tabtop,"Pizza, Italian",0
52,1851.5,47.564809,-122.38585,Genesee,,,Hotwire Online Coffeehouse,47.5643857,-122.386566,1,3.5,https://www.zomato.com/seattle/hotwire-online-coffeehouse-west-seattle/photos?utm_source=api_basic_user&utm_medium=api&utm_campaign=v2.1#tabtop,Cafe,0,Raccolto,47.565189,-122.387134,2,0,https://www.zomato.com/seattle/raccolto-west-seattle/photos?utm_source=api_basic_user&utm_medium=api&utm_campaign=v2.1#tabtop,"Italian, Seafood",0,Coastline Burgers,47.5639,-122.38668,1,3.4,https://www.zomato.com/seattle/coastline-burgers-west-seattle/photos?utm_source=api_basic_user&utm_medium=api&utm_campaign=v2.1#tabtop,Burger,0,Seattle Fish Company,47.56386,-122.38686,2,3.5,https://www.zomato.com/seattle/seattle-fish-company-west-seattle/photos?utm_source=api_basic_user&utm_medium=api&utm_campaign=v2.1#tabtop,Seafood,0
53,1742,47.679959,-122.333709,Green Lake,,,Nell's,47.6782,-122.32795,3,4.1,https://www.zomato.com/seattle/nells-green-lake/photos?utm_source=api_basic_user&utm_medium=api&utm_campaign=v2.1#tabtop,Pacific Northwest,0,Peet's Coffee & Tea,47.67839167,-122.3272639,1,3.4,https://www.zomato.com/seattle/peets-coffee-tea-green-lake/photos?utm_source=api_basic_user&utm_medium=api&utm_campaign=v2.1#tabtop,Cafe,0,Subway,47.67813611,-122.3273861,1,3.1,https://www.zomato.com/seattle/subway-green-lake/photos?utm_source=api_basic_user&utm_medium=api&utm_campaign=v2.1#tabtop,"Fast Food, Sandwich",0,Spud Fish & Chips,47.67837778,-122.3268972,1,3.8,https://www.zomato.com/seattle/spud-fish-chips-green-lake/photos?utm_source=api_basic_user&utm_medium=api&utm_campaign=v2.1#tabtop,Fish and Chips,0
54,1362.5,47.694211,-122.355289,Greenwood,,,Hounds Tooth Public House,47.6923,-122.3554528,2,2.7,https://www.zomato.com/seattle/hounds-tooth-public-house-greenwood-phinney/photos?utm_source=api_basic_user&utm_medium=api&utm_campaign=v2.1#tabtop,Pub Food,0,Munch Caf√©,47.69217222,-122.3554,1,3.1,https://www.zomato.com/seattle/munch-caf√©-greenwood-phinney/photos?utm_source=api_basic_user&utm_medium=api&utm_campaign=v2.1#tabtop,"Burger, Sandwich",0,The North Star Diner and Shanghai Room,47.69214,-122.354875,2,0,https://www.zomato.com/seattle/the-north-star-diner-shanghai-room-greenwood-phinney/photos?utm_source=api_basic_user&utm_medium=api&utm_campaign=v2.1#tabtop,"Diner, American",0,Flying Bike Cooperative Brewery,47.6921041,-122.3549951,1,0,https://www.zomato.com/seattle/flying-bike-greenwood-phinney/photos?utm_source=api_basic_user&utm_medium=api&utm_campaign=v2.1#tabtop,Drinks Only,0
55,1583.5,47.628861,-122.354041,Lower Queen Anne,"With bustling bars, restaurants, and attraction-heavy Seattle Center in Lower Queen Anne and historic houses, quaint shopping streets, and quiet parks high up on a hill in Upper Queen Anne, this distinct neighborhood has something for everyone.",https://uploads.visitseattle.org/2015/03/PioneerSquareTotem_NicholasBoos-720x313-2-300x130.jpg,The Masonry,47.62552778,-122.3557444,2,3.5,https://www.zomato.com/seattle/the-masonry-queen-anne-lower/photos?utm_source=api_basic_user&utm_medium=api&utm_campaign=v2.1#tabtop,Pizza,0,Yummy Teriyaki,47.62531389,-122.3552083,2,3.4,https://www.zomato.com/seattle/yummy-teriyaki-queen-anne-lower/photos?utm_source=api_basic_user&utm_medium=api&utm_campaign=v2.1#tabtop,"Teriyaki, Sushi, Japanese",0,Solo,47.62546944,-122.3520056,2,3.4,https://www.zomato.com/seattle/solo-queen-anne-lower/photos?utm_source=api_basic_user&utm_medium=api&utm_campaign=v2.1#tabtop,Tapas,0,Shiki Japanese Restaurant,47.6258,-122.357125,2,3.8,https://www.zomato.com/seattle/shiki-japanese-restaurant-queen-anne-lower/photos?utm_source=api_basic_user&utm_medium=api&utm_campaign=v2.1#tabtop,"Sushi, Seafood, Japanese",0
56,1575,47.649291,-122.36301,North Queen Anne,,,Einstein Bros. Bagels,47.65016838,-122.3617369,1,3.1,https://www.zomato.com/seattle/einstein-bros-bagels-nickerson-spu/photos?utm_source=api_basic_user&utm_medium=api&utm_campaign=v2.1#tabtop,"Bagels, Coffee and Tea",0,Sandella's Flatbread Caf√©,47.6499089,-122.3605999,1,3,https://www.zomato.com/seattle/sandellas-flatbread-caf√©-nickerson-spu/photos?utm_source=api_basic_user&utm_medium=api&utm_campaign=v2.1#tabtop,"Cafe, Juices",0,Curbside Food Truck,47.64965,-122.3578806,1,3,https://www.zomato.com/seattle/curbside-food-truck-nickerson-spu/photos?utm_source=api_basic_user&utm_medium=api&utm_campaign=v2.1#tabtop,Vietnamese,0,Byen Bakeri,47.64935278,-122.357025,1,3.3,https://www.zomato.com/seattle/byen-bakeri-nickerson-spu/photos?utm_source=api_basic_user&utm_medium=api&utm_campaign=v2.1#tabtop,"Cafe, Scandinavian",0
57,1831.5,47.680657,-122.313832,Roosevelt,,,Ravenna Catering & Events,47.677575,-122.311956,1,0,https://www.zomato.com/seattle/ravenna-catering-events-downtown/photos?utm_source=api_basic_user&utm_medium=api&utm_campaign=v2.1#tabtop,"American, Italian",0,Mojito,47.6843797,-122.316065,2,4.2,https://www.zomato.com/seattle/mojito-maple-leaf/photos?utm_source=api_basic_user&utm_medium=api&utm_campaign=v2.1#tabtop,"Caribbean, Cuban, Latin American",0,An Nam Pho,47.6762493,-122.3170083,1,0,https://www.zomato.com/seattle/an-nam-pho-ravenna/photos?utm_source=api_basic_user&utm_medium=api&utm_campaign=v2.1#tabtop,"Vietnamese, Bubble Tea",0,Taco Del Mar,47.67593333,-122.3161167,1,3.1,https://www.zomato.com/seattle/taco-del-mar-ravenna/photos?utm_source=api_basic_user&utm_medium=api&utm_campaign=v2.1#tabtop,Mexican,0
58,2640,47.62908,-122.33685,South Lake Union,"Surrounding the University of Washington, the University District is an eclectic mix of urban shopping areas; historic homes and architecture; and great cafes, pubs, restaurants, and theaters.",https://uploads.visitseattle.org/2015/02/LakeUnion_NickHallPhotography-300x164.jpg,El Chupacabra,47.6278003,-122.3338165,2,2.6,https://www.zomato.com/seattle/el-chupacabra-south-lake-union/photos?utm_source=api_basic_user&utm_medium=api&utm_campaign=v2.1#tabtop,"Vegetarian, Mexican",0,Starbucks,47.62993333,-122.3406222,1,3.1,https://www.zomato.com/seattle/starbucks-1-westlake/photos?utm_source=api_basic_user&utm_medium=api&utm_campaign=v2.1#tabtop,Cafe,0,Chandler's Crabhouse,47.62683,-122.33344,3,3.9,https://www.zomato.com/seattle/chandlers-crabhouse-south-lake-union/photos?utm_source=api_basic_user&utm_medium=api&utm_campaign=v2.1#tabtop,"Seafood, Pacific Northwest",0,Duke's Seafood & Chowder,47.62683,-122.33344,2,3.7,https://www.zomato.com/seattle/dukes-seafood-chowder-south-lake-union/photos?utm_source=api_basic_user&utm_medium=api&utm_campaign=v2.1#tabtop,"Pacific Northwest, Seafood",0
59,1512,47.66073,-122.305045,University District,,,Pagliacci Pizza,47.658314,-122.303762,2,0,https://www.zomato.com/seattle/pagliacci-pizza-2-university-district/photos?utm_source=api_basic_user&utm_medium=api&utm_campaign=v2.1#tabtop,"Pizza, Italian",0,Din Tai Fung University Village,47.66,-122.3,1,3,https://www.zomato.com/seattle/din-tai-fung-university-village-university-district/photos?utm_source=api_basic_user&utm_medium=api&utm_campaign=v2.1#tabtop,Dim Sum,0,Blue C Sushi,47.661835,-122.300073,3,3.4,https://www.zomato.com/seattle/blue-c-sushi-university-district/photos?utm_source=api_basic_user&utm_medium=api&utm_campaign=v2.1#tabtop,"Sushi, Japanese",0,Din Tai Fung,47.6616645,-122.2996744,2,3.9,https://www.zomato.com/seattle/din-tai-fung-university-district/photos?utm_source=api_basic_user&utm_medium=api&utm_campaign=v2.1#tabtop,"Taiwanese, Chinese",0
60,2110,47.622282,-122.354226,Uptown,,,Taylor Shellfish Oyster Bar,47.62335,-122.35522,2,3.3,https://www.zomato.com/seattle/taylor-shellfish-oyster-bar-queen-anne-lower/photos?utm_source=api_basic_user&utm_medium=api&utm_campaign=v2.1#tabtop,"Pacific Northwest, Seafood",0,Agave Cocina and Tequilas | Queen Anne,47.6233842,-122.3552352,2,3,https://www.zomato.com/seattle/agave-cocina-and-tequilas-queen-anne-queen-anne-lower/photos?utm_source=api_basic_user&utm_medium=api&utm_campaign=v2.1#tabtop,Mexican,0,Starbucks,47.62289722,-122.3562611,1,3.3,https://www.zomato.com/seattle/starbucks-queen-anne-lower/photos?utm_source=api_basic_user&utm_medium=api&utm_campaign=v2.1#tabtop,Cafe,0,Roaring Bowl,47.6238216,-122.3552372,3,3.3,https://www.zomato.com/seattle/roaring-bowl-queen-anne-lower/photos?utm_source=api_basic_user&utm_medium=api&utm_campaign=v2.1#tabtop,"Japanese, Korean",0
61,1973,47.658763,-122.334464,Wallingford,,,Chutneys Bistro,47.660629,-122.3356995,2,3.6,https://www.zomato.com/seattle/chutneys-bistro-wallingford/photos?utm_source=api_basic_user&utm_medium=api&utm_campaign=v2.1#tabtop,Indian,0,Trophy Cupcakes,47.660629,-122.3356995,1,3.9,https://www.zomato.com/seattle/trophy-cupcakes-wallingford/photos?utm_source=api_basic_user&utm_medium=api&utm_campaign=v2.1#tabtop,Desserts,0,Julia's,47.66046111,-122.3362361,2,3.3,https://www.zomato.com/seattle/julias-wallingford/photos?utm_source=api_basic_user&utm_medium=api&utm_campaign=v2.1#tabtop,"American, Breakfast",0,Fainting Goat Gelato,47.6611909,-122.3347497,1,4.1,https://www.zomato.com/seattle/fainting-goat-gelato-wallingford/photos?utm_source=api_basic_user&utm_medium=api&utm_campaign=v2.1#tabtop,"Ice Cream, Desserts",0
62,2110,47.636611,-122.342938,Westlake,"Join the summer and fall crowds that pack the piers to drink in the seemingly endless sunshine, just steps from the downtown core.",https://uploads.visitseattle.org/2015/03/AlkiBeach_NickHallPhotography-300x213.jpg,Electric Boat Cafe,47.6377816,-122.339901,1,0,https://www.zomato.com/seattle/electric-boat-cafe-westlake/photos?utm_source=api_basic_user&utm_medium=api&utm_campaign=v2.1#tabtop,Cafe,0,Boathouse Deli,47.6354325,-122.3397656,1,3,https://www.zomato.com/seattle/boathouse-deli-westlake/photos?utm_source=api_basic_user&utm_medium=api&utm_campaign=v2.1#tabtop,Sandwich,0,Deli & Espresso,47.638684,-122.340955,1,0,https://www.zomato.com/seattle/deli-espresso-westlake/photos?utm_source=api_basic_user&utm_medium=api&utm_campaign=v2.1#tabtop,Cafe,0,Subway,47.6337759,-122.3407696,1,0,https://www.zomato.com/seattle/subway-westlake/photos?utm_source=api_basic_user&utm_medium=api&utm_campaign=v2.1#tabtop,"Fast Food, Sandwich",0
63,1470,47.5535,-122.3804,Fairmount Park,,,The Thaitan,47.555098,-122.386773,2,4,https://www.zomato.com/seattle/the-thaitan-west-seattle/photos?utm_source=api_basic_user&utm_medium=api&utm_campaign=v2.1#tabtop,"Thai, Vietnamese",0,Outwest,47.553764,-122.387316,2,0,https://www.zomato.com/seattle/outwest-west-seattle/photos?utm_source=api_basic_user&utm_medium=api&utm_campaign=v2.1#tabtop,Bar Food,0,Ephesus,47.555218,-122.387202,2,4.1,https://www.zomato.com/seattle/ephesus-west-seattle/photos?utm_source=api_basic_user&utm_medium=api&utm_campaign=v2.1#tabtop,Turkish,0,New Luck Toy,47.55017,-122.387394,2,0,https://www.zomato.com/seattle/new-luck-toy-west-seattle/photos?utm_source=api_basic_user&utm_medium=api&utm_campaign=v2.1#tabtop,"Bar Food, Chinese",0
64,1831.5,47.627316,-122.366882,Roosevelt,,,Gourmondo On Elliot Ave,47.6260033,-122.3682906,1,2.8,https://www.zomato.com/seattle/gourmondo-on-elliot-ave-queen-anne-lower/photos?utm_source=api_basic_user&utm_medium=api&utm_campaign=v2.1#tabtop,"Sandwich, Cafe",0,Number 6 Cider,47.6274223,-122.3698901,1,0,https://www.zomato.com/seattle/number-6-cider-interbay/photos?utm_source=api_basic_user&utm_medium=api&utm_campaign=v2.1#tabtop,"Beverages, Bar Food",0,Fuji Bakery,47.628282,-122.370216,1,2.9,https://www.zomato.com/seattle/fuji-bakery-queen-anne-upper/photos?utm_source=api_basic_user&utm_medium=api&utm_campaign=v2.1#tabtop,"Coffee and Tea, Desserts",0,Chen's Village,47.624325,-122.3649444,2,3.6,https://www.zomato.com/seattle/chens-village-queen-anne-lower/photos?utm_source=api_basic_user&utm_medium=api&utm_campaign=v2.1#tabtop,Chinese,0
65,1980,47.605,-122.3344,Downtown,,,Starbucks,47.6049811,-122.3342493,1,2.8,https://www.zomato.com/seattle/starbucks-10-downtown/photos?utm_source=api_basic_user&utm_medium=api&utm_campaign=v2.1#tabtop,Cafe,0,Pho Cyclo Cafe,47.6049811,-122.3342493,1,3.2,https://www.zomato.com/seattle/pho-cyclo-cafe-downtown/photos?utm_source=api_basic_user&utm_medium=api&utm_campaign=v2.1#tabtop,"Asian, Vietnamese",0,Pabla Punjabi Cuisine,47.605031,-122.334122,1,2.5,https://www.zomato.com/seattle/pabla-punjabi-cuisine-downtown/photos?utm_source=api_basic_user&utm_medium=api&utm_campaign=v2.1#tabtop,Indian,0,Pita Xpress,47.6050961,-122.3339438,1,0,https://www.zomato.com/seattle/pita-xpress-downtown/photos?utm_source=api_basic_user&utm_medium=api&utm_campaign=v2.1#tabtop,"Greek, Mediterranean",0
66,1977,47.6322,-122.3416,Westlake,,,Pasta Freska,47.63256,-122.34095,3,3.7,https://www.zomato.com/seattle/pasta-freska-westlake/photos?utm_source=api_basic_user&utm_medium=api&utm_campaign=v2.1#tabtop,Italian,0,Subway,47.6337759,-122.3407696,1,0,https://www.zomato.com/seattle/subway-westlake/photos?utm_source=api_basic_user&utm_medium=api&utm_campaign=v2.1#tabtop,"Fast Food, Sandwich",0,Starbucks,47.6300655,-122.3426102,1,3.1,https://www.zomato.com/seattle/starbucks-westlake/photos?utm_source=api_basic_user&utm_medium=api&utm_campaign=v2.1#tabtop,Cafe,0,Taco Del Mar,47.6300101,-122.3425926,1,3.1,https://www.zomato.com/seattle/taco-del-mar-westlake/photos?utm_source=api_basic_user&utm_medium=api&utm_campaign=v2.1#tabtop,Mexican,0
67,1923,47.6418,-122.3265,Eastlake,,,Pomodoro Ristorante,47.64148611,-122.3257833,3,3.7,https://www.zomato.com/seattle/pomodoro-ristorante-eastlake-lake-union/photos?utm_source=api_basic_user&utm_medium=api&utm_campaign=v2.1#tabtop,Italian,0,Pecado Bueno,47.641286,-122.325694,1,0,https://www.zomato.com/seattle/pecado-bueno-eastlake-lake-union/photos?utm_source=api_basic_user&utm_medium=api&utm_campaign=v2.1#tabtop,"Latin American, Mexican",0,Starbucks,47.6410216,-122.3255619,1,2.6,https://www.zomato.com/seattle/starbucks-eastlake-lake-union/photos?utm_source=api_basic_user&utm_medium=api&utm_campaign=v2.1#tabtop,Cafe,0,Otter Bar & Burger,47.64019,-122.32598,2,0,https://www.zomato.com/seattle/otter-bar-burger-auburn/photos?utm_source=api_basic_user&utm_medium=api&utm_campaign=v2.1#tabtop,Burger,0
68,2935,47.60621,-122.33207,Denny Triangle,,,Market Fresh,47.6062729,-122.3320172,1,3.2,https://www.zomato.com/seattle/market-fresh-downtown/photos?utm_source=api_basic_user&utm_medium=api&utm_campaign=v2.1#tabtop,"Asian, Healthy Food, Salad",0,Cafe Five,47.6058944,-122.3318101,1,0,https://www.zomato.com/seattle/cafe-five-downtown/photos?utm_source=api_basic_user&utm_medium=api&utm_campaign=v2.1#tabtop,"Cafe, Sandwich",0,Mel's Market,47.60602,-122.33298,2,3.3,https://www.zomato.com/seattle/mels-market-downtown/photos?utm_source=api_basic_user&utm_medium=api&utm_campaign=v2.1#tabtop,"Burger, Sandwich",0,Fusion on the Run,47.6066004,-122.3329838,1,3.3,https://www.zomato.com/fusion-on-the-run-food-truck/photos?utm_source=api_basic_user&utm_medium=api&utm_campaign=v2.1#tabtop,"Hawaiian, Mexican, Fusion",0
